{"('dumps_canada', 'json')": 1.4939993000007235, "('dumps_canada', 'orjson')": 0.329985399999714, "('dumps_canada', 'simplejson')": 1.7052445000008447, "('dumps_canada', 'ujson')": 0.8644346000000951, "('dumps_canada', 'rapidjson')": 2.477118899998459, "('dumps_citm_catalog', 'json')": 2.005137600001035, "('dumps_citm_catalog', 'orjson')": 0.4186148000007961, "('dumps_citm_catalog', 'simplejson')": 1.7025489000006928, "('dumps_citm_catalog', 'ujson')": 1.1670509000032325, "('dumps_citm_catalog', 'rapidjson')": 2.188173499998811, "('dumps_github', 'json')": 0.05072020000079647, "('dumps_github', 'orjson')": 0.027910599997994723, "('dumps_github', 'simplejson')": 0.05857300000207033, "('dumps_github', 'ujson')": 0.04884680000031949, "('dumps_github', 'rapidjson')": 0.07261429999925895, "('dumps_twitter', 'json')": 1.0185110000020359, "('dumps_twitter', 'orjson')": 0.2449168000021018, "('dumps_twitter', 'simplejson')": 0.8146931000010227, "('dumps_twitter', 'ujson')": 0.5136585000000196, "('dumps_twitter', 'rapidjson')": 0.9081170999997994, "('loads_canada', 'json')": 16.49426609999864, "('loads_canada', 'orjson')": 2.5413649000001897, "('loads_canada', 'cysimdjson')": 4.100201000001107, "('loads_canada', 'simplejson')": 16.2634429000027, "('loads_canada', 'ujson')": 5.578996000000188, "('loads_canada', 'rapidjson')": 34.16774319999968, "('loads_citm_catalog', 'json')": 3.102047799999127, "('loads_citm_catalog', 'orjson')": 1.1480422000022372, "('loads_citm_catalog', 'cysimdjson')": 1.7879343000022345, "('loads_citm_catalog', 'simplejson')": 3.4531828000035603, "('loads_citm_catalog', 'ujson')": 2.033124499997939, "('loads_citm_catalog', 'rapidjson')": 3.8059665000000678, "('loads_github', 'json')": 0.0876639999987674, "('loads_github', 'orjson')": 0.04434119999859831, "('loads_github', 'cysimdjson')": 0.08225020000099903, "('loads_github', 'simplejson')": 0.0956307000014931, "('loads_github', 'ujson')": 0.0818835999998555, "('loads_github', 'rapidjson')": 0.11745260000316193, "('loads_twitter', 'json')": 1.3786426000006031, "('loads_twitter', 'orjson')": 0.448974899998575, "('loads_twitter', 'cysimdjson')": 0.9395896999994875, "('loads_twitter', 'simplejson')": 1.3197098999989976, "('loads_twitter', 'ujson')": 0.9503326000012748, "('loads_twitter', 'rapidjson')": 1.4749919999994745}