{"('dumps_canada', 'json')": 1.5028590999999998, "('dumps_canada', 'orjson')": 0.35558559999999995, "('dumps_canada', 'nujson')": 1.3492001999999998, "('dumps_canada', 'simdjson')": 1.4868421000000005, "('dumps_canada', 'yapic.json')": 0.8187384, "('dumps_canada', 'simplejson')": 1.4860378, "('dumps_canada', 'ujson')": 0.8881106999999995, "('dumps_canada', 'rapidjson')": 2.3613857000000014, "('dumps_citm_catalog', 'json')": 2.127598299999999, "('dumps_citm_catalog', 'orjson')": 0.411400200000001, "('dumps_citm_catalog', 'nujson')": 1.5042384999999996, "('dumps_citm_catalog', 'simdjson')": 2.1316053000000004, "('dumps_citm_catalog', 'yapic.json')": 0.6776848999999991, "('dumps_citm_catalog', 'simplejson')": 2.0728119000000014, "('dumps_citm_catalog', 'ujson')": 1.1886956000000026, "('dumps_citm_catalog', 'rapidjson')": 2.0970066000000003, "('dumps_github', 'json')": 0.05041650000000075, "('dumps_github', 'orjson')": 0.01810779999999923, "('dumps_github', 'nujson')": 0.057143400000001066, "('dumps_github', 'simdjson')": 0.05063050000000047, "('dumps_github', 'yapic.json')": 0.029517799999997152, "('dumps_github', 'simplejson')": 0.05258879999999877, "('dumps_github', 'ujson')": 0.04892269999999854, "('dumps_github', 'rapidjson')": 0.06987049999999684, "('dumps_twitter', 'json')": 1.128271299999998, "('dumps_twitter', 'orjson')": 0.2273487000000003, "('dumps_twitter', 'nujson')": 0.6262365999999986, "('dumps_twitter', 'simdjson')": 1.1192337000000023, "('dumps_twitter', 'yapic.json')": 0.297630299999998, "('dumps_twitter', 'simplejson')": 0.8363279000000006, "('dumps_twitter', 'ujson')": 0.5043064999999984, "('dumps_twitter', 'rapidjson')": 0.8672915000000003, "('loads_canada', 'json')": 16.3055057, "('loads_canada', 'orjson')": 2.739479000000003, "('loads_canada', 'cysimdjson')": 4.231554799999998, "('loads_canada', 'nujson')": 3.691853800000004, "('loads_canada', 'simdjson')": 3.785588500000003, "('loads_canada', 'yapic.json')": 4.8972908000000075, "('loads_canada', 'simplejson')": 16.215817599999994, "('loads_canada', 'ujson')": 5.892330399999992, "('loads_canada', 'rapidjson')": 34.80808859999999, "('loads_citm_catalog', 'json')": 2.815815900000004, "('loads_citm_catalog', 'orjson')": 1.096963500000001, "('loads_citm_catalog', 'cysimdjson')": 2.054406500000013, "('loads_citm_catalog', 'nujson')": 2.164680500000003, "('loads_citm_catalog', 'simdjson')": 2.029609800000003, "('loads_citm_catalog', 'yapic.json')": 1.6745114, "('loads_citm_catalog', 'simplejson')": 3.9319017999999915, "('loads_citm_catalog', 'ujson')": 2.0990441000000146, "('loads_citm_catalog', 'rapidjson')": 3.9035049000000015, "('loads_github', 'json')": 0.10288370000000668, "('loads_github', 'orjson')": 0.03934870000000501, "('loads_github', 'cysimdjson')": 0.08455309999999372, "('loads_github', 'nujson')": 0.09426089999999476, "('loads_github', 'simdjson')": 0.08885850000001483, "('loads_github', 'yapic.json')": 0.05784879999998793, "('loads_github', 'simplejson')": 0.10039249999999811, "('loads_github', 'ujson')": 0.0815939999999955, "('loads_github', 'rapidjson')": 0.12228970000001027, "('loads_twitter', 'json')": 1.2982383000000084, "('loads_twitter', 'orjson')": 0.46011900000002015, "('loads_twitter', 'cysimdjson')": 1.0040830999999741, "('loads_twitter', 'nujson')": 1.0294795000000079, "('loads_twitter', 'simdjson')": 1.0507909000000097, "('loads_twitter', 'yapic.json')": 0.745299799999998, "('loads_twitter', 'simplejson')": 1.37116979999999, "('loads_twitter', 'ujson')": 0.9300810999999953, "('loads_twitter', 'rapidjson')": 1.474983700000024}