{"('dumps_canada', 'json')": 1.4876831, "('dumps_canada', 'orjson')": 0.3235954999999997, "('dumps_canada', 'nujson')": 1.1427413, "('dumps_canada', 'simdjson')": 1.4869201999999997, "('dumps_canada', 'yapic.json')": 0.8171469, "('dumps_canada', 'simplejson')": 1.4860657999999995, "('dumps_canada', 'ujson')": 0.8955382000000007, "('dumps_canada', 'rapidjson')": 2.3548428, "('dumps_citm_catalog', 'json')": 1.985046200000001, "('dumps_citm_catalog', 'orjson')": 0.4141748000000014, "('dumps_citm_catalog', 'nujson')": 1.3844355999999998, "('dumps_citm_catalog', 'simdjson')": 1.9850455999999976, "('dumps_citm_catalog', 'yapic.json')": 0.6816828000000008, "('dumps_citm_catalog', 'simplejson')": 2.0584188999999995, "('dumps_citm_catalog', 'ujson')": 1.1872579000000023, "('dumps_citm_catalog', 'rapidjson')": 2.0996086, "('dumps_github', 'json')": 0.04986859999999993, "('dumps_github', 'orjson')": 0.018741600000002023, "('dumps_github', 'nujson')": 0.04791219999999896, "('dumps_github', 'simdjson')": 0.0499245999999971, "('dumps_github', 'yapic.json')": 0.021904100000000426, "('dumps_github', 'simplejson')": 0.052820799999999224, "('dumps_github', 'ujson')": 0.042251700000001335, "('dumps_github', 'rapidjson')": 0.07094309999999737, "('dumps_twitter', 'json')": 1.083960600000001, "('dumps_twitter', 'orjson')": 0.23604840000000138, "('dumps_twitter', 'nujson')": 0.6894738000000018, "('dumps_twitter', 'simdjson')": 1.0374957999999985, "('dumps_twitter', 'yapic.json')": 0.31039829999999924, "('dumps_twitter', 'simplejson')": 0.8543251000000005, "('dumps_twitter', 'ujson')": 0.5925401000000008, "('dumps_twitter', 'rapidjson')": 0.871624200000003, "('loads_canada', 'json')": 16.177203900000002, "('loads_canada', 'orjson')": 2.6729540999999983, "('loads_canada', 'cysimdjson')": 4.053115300000002, "('loads_canada', 'nujson')": 3.6418377999999976, "('loads_canada', 'simdjson')": 3.6786717999999965, "('loads_canada', 'yapic.json')": 4.924589400000002, "('loads_canada', 'simplejson')": 16.2252541, "('loads_canada', 'ujson')": 5.819641700000005, "('loads_canada', 'rapidjson')": 34.66316280000001, "('loads_citm_catalog', 'json')": 3.054213500000003, "('loads_citm_catalog', 'orjson')": 1.0936971, "('loads_citm_catalog', 'cysimdjson')": 1.8690672000000035, "('loads_citm_catalog', 'nujson')": 2.1549862000000104, "('loads_citm_catalog', 'simdjson')": 1.8555224000000123, "('loads_citm_catalog', 'yapic.json')": 1.955606400000022, "('loads_citm_catalog', 'simplejson')": 3.850109400000008, "('loads_citm_catalog', 'ujson')": 2.076029800000015, "('loads_citm_catalog', 'rapidjson')": 3.836859299999986, "('loads_github', 'json')": 0.07620670000000018, "('loads_github', 'orjson')": 0.03954480000001581, "('loads_github', 'cysimdjson')": 0.08049149999999372, "('loads_github', 'nujson')": 0.09563260000001605, "('loads_github', 'simdjson')": 0.08942200000001321, "('loads_github', 'yapic.json')": 0.056112699999999904, "('loads_github', 'simplejson')": 0.09734660000000872, "('loads_github', 'ujson')": 0.08096679999999878, "('loads_github', 'rapidjson')": 0.11558990000000335, "('loads_twitter', 'json')": 1.2645760999999993, "('loads_twitter', 'orjson')": 0.40459920000000693, "('loads_twitter', 'cysimdjson')": 0.9460910999999896, "('loads_twitter', 'nujson')": 1.020132100000012, "('loads_twitter', 'simdjson')": 0.970828900000015, "('loads_twitter', 'yapic.json')": 0.8395126000000062, "('loads_twitter', 'simplejson')": 1.3658096000000057, "('loads_twitter', 'ujson')": 0.936811199999994, "('loads_twitter', 'rapidjson')": 1.4035322000000008}