{"('dumps_canada', 'json')": 1.6858608000002278, "('dumps_canada', 'orjson')": 0.3236715000002732, "('dumps_canada', 'nujson')": 1.1080320999990363, "('dumps_canada', 'simdjson')": 1.6873037000004842, "('dumps_canada', 'yapic.json')": 0.825081399998453, "('dumps_canada', 'simplejson')": 1.4877035999998043, "('dumps_canada', 'ujson')": 0.8560049000006984, "('dumps_canada', 'rapidjson')": 2.320130500000232, "('dumps_citm_catalog', 'json')": 2.152509100000316, "('dumps_citm_catalog', 'orjson')": 0.41262689999894064, "('dumps_citm_catalog', 'nujson')": 1.3205369000006613, "('dumps_citm_catalog', 'simdjson')": 2.153100600000471, "('dumps_citm_catalog', 'yapic.json')": 0.6847750000015367, "('dumps_citm_catalog', 'simplejson')": 2.0571915000000445, "('dumps_citm_catalog', 'ujson')": 1.1602106999998796, "('dumps_citm_catalog', 'rapidjson')": 2.0733772999992652, "('dumps_github', 'json')": 0.0533157999998366, "('dumps_github', 'orjson')": 0.018384700000751764, "('dumps_github', 'nujson')": 0.04635919999964244, "('dumps_github', 'simdjson')": 0.05339719999938097, "('dumps_github', 'yapic.json')": 0.021340299999792478, "('dumps_github', 'simplejson')": 0.05267909999929543, "('dumps_github', 'ujson')": 0.04062850000082108, "('dumps_github', 'rapidjson')": 0.06976939999913156, "('dumps_twitter', 'json')": 1.0669600000001083, "('dumps_twitter', 'orjson')": 0.2289481000007072, "('dumps_twitter', 'nujson')": 0.673414099999718, "('dumps_twitter', 'simdjson')": 1.0494797999999719, "('dumps_twitter', 'yapic.json')": 0.32519719999982044, "('dumps_twitter', 'simplejson')": 0.8534526000003098, "('dumps_twitter', 'ujson')": 0.5059841000002052, "('dumps_twitter', 'rapidjson')": 0.852111899999727, "('loads_canada', 'json')": 15.543198999999731, "('loads_canada', 'orjson')": 2.2022845999999845, "('loads_canada', 'cysimdjson')": 3.479335900001388, "('loads_canada', 'nujson')": 3.032282199999827, "('loads_canada', 'simdjson')": 3.200707699999839, "('loads_canada', 'yapic.json')": 4.349622299998373, "('loads_canada', 'simplejson')": 15.51368580000053, "('loads_canada', 'ujson')": 5.305813399998442, "('loads_canada', 'rapidjson')": 33.48658969999997, "('loads_citm_catalog', 'json')": 3.0201978999994026, "('loads_citm_catalog', 'orjson')": 1.0720270999991044, "('loads_citm_catalog', 'cysimdjson')": 1.7613234000000375, "('loads_citm_catalog', 'nujson')": 1.9826057999998739, "('loads_citm_catalog', 'simdjson')": 1.773498299999119, "('loads_citm_catalog', 'yapic.json')": 1.4874650000001566, "('loads_citm_catalog', 'simplejson')": 3.337958999998591, "('loads_citm_catalog', 'ujson')": 1.9897244999992836, "('loads_citm_catalog', 'rapidjson')": 3.747383299998546, "('loads_github', 'json')": 0.07793459999993502, "('loads_github', 'orjson')": 0.040157199999157456, "('loads_github', 'cysimdjson')": 0.08269010000003618, "('loads_github', 'nujson')": 0.09508650000134367, "('loads_github', 'simdjson')": 0.08491569999932835, "('loads_github', 'yapic.json')": 0.056856399998650886, "('loads_github', 'simplejson')": 0.09159080000063113, "('loads_github', 'ujson')": 0.081101600000693, "('loads_github', 'rapidjson')": 0.1136175000010553, "('loads_twitter', 'json')": 1.2603390000003856, "('loads_twitter', 'orjson')": 0.38877599999977974, "('loads_twitter', 'cysimdjson')": 0.9323193000000174, "('loads_twitter', 'nujson')": 1.008763399999225, "('loads_twitter', 'simdjson')": 0.9568150999984937, "('loads_twitter', 'yapic.json')": 0.7409716000001936, "('loads_twitter', 'simplejson')": 1.312746599998718, "('loads_twitter', 'ujson')": 0.9158040999991499, "('loads_twitter', 'rapidjson')": 1.419379499999195}