{"('dumps_canada', 'json')": 1.4937743000009505, "('dumps_canada', 'ujson')": 1.0557342000029166, "('dumps_canada', 'rapidjson')": 2.3409250999975484, "('dumps_citm_catalog', 'json')": 1.9105701000007684, "('dumps_citm_catalog', 'ujson')": 1.3040347999994992, "('dumps_citm_catalog', 'rapidjson')": 2.0843739999982063, "('dumps_github', 'json')": 0.0505775999990874, "('dumps_github', 'ujson')": 0.05197709999993094, "('dumps_github', 'rapidjson')": 0.06924739999885787, "('dumps_twitter', 'json')": 1.0182272999991255, "('dumps_twitter', 'ujson')": 0.6240660999974352, "('dumps_twitter', 'rapidjson')": 0.8619946999970125, "('loads_canada', 'json')": 17.035300799998367, "('loads_canada', 'cysimdjson')": 4.332048199998098, "('loads_canada', 'ujson')": 5.757017399999313, "('loads_canada', 'rapidjson')": 36.13107260000106, "('loads_citm_catalog', 'json')": 3.1654221000026155, "('loads_citm_catalog', 'cysimdjson')": 1.8392414000009012, "('loads_citm_catalog', 'ujson')": 2.1737761000003957, "('loads_citm_catalog', 'rapidjson')": 3.8715738999999303, "('loads_github', 'json')": 0.08245879999958561, "('loads_github', 'cysimdjson')": 0.07849300000088988, "('loads_github', 'ujson')": 0.08459969999967143, "('loads_github', 'rapidjson')": 0.11594680000052904, "('loads_twitter', 'json')": 1.3280752999999095, "('loads_twitter', 'cysimdjson')": 0.9845185000012862, "('loads_twitter', 'ujson')": 0.9933270000001357, "('loads_twitter', 'rapidjson')": 1.4566281999977946}