{"('dumps_canada', 'json')": 1.4871738000001642, "('dumps_canada', 'orjson')": 0.3229466000011598, "('dumps_canada', 'simdjson')": 1.4873195000000123, "('dumps_canada', 'yapic.json')": 0.8251631000002817, "('dumps_canada', 'simplejson')": 1.8843392999988282, "('dumps_canada', 'ujson')": 0.8541111999984423, "('dumps_canada', 'rapidjson')": 2.3174100000014732, "('dumps_citm_catalog', 'json')": 1.8721401000002516, "('dumps_citm_catalog', 'orjson')": 0.4103830000003654, "('dumps_citm_catalog', 'simdjson')": 1.8726936999992176, "('dumps_citm_catalog', 'yapic.json')": 0.6685672000003251, "('dumps_citm_catalog', 'simplejson')": 1.6399786999991193, "('dumps_citm_catalog', 'ujson')": 1.147646600000371, "('dumps_citm_catalog', 'rapidjson')": 2.066098700001021, "('dumps_github', 'json')": 0.05069480000020121, "('dumps_github', 'orjson')": 0.026603699998304364, "('dumps_github', 'simdjson')": 0.05097430000023451, "('dumps_github', 'yapic.json')": 0.027537300000403775, "('dumps_github', 'simplejson')": 0.06365389999882609, "('dumps_github', 'ujson')": 0.04530729999896721, "('dumps_github', 'rapidjson')": 0.06649010000000999, "('dumps_twitter', 'json')": 0.9759020999990753, "('dumps_twitter', 'orjson')": 0.2286392000005435, "('dumps_twitter', 'simdjson')": 0.9728897999993933, "('dumps_twitter', 'yapic.json')": 0.3131984999999986, "('dumps_twitter', 'simplejson')": 0.8514372999998159, "('dumps_twitter', 'ujson')": 0.5615082000003895, "('dumps_twitter', 'rapidjson')": 0.8450095999996847, "('loads_canada', 'json')": 15.759317699999883, "('loads_canada', 'orjson')": 2.390191099999356, "('loads_canada', 'cysimdjson')": 3.725981400000819, "('loads_canada', 'simdjson')": 3.1494411999992735, "('loads_canada', 'yapic.json')": 4.374884999999267, "('loads_canada', 'simplejson')": 15.318435799999861, "('loads_canada', 'ujson')": 5.379607400000168, "('loads_canada', 'rapidjson')": 33.24690390000069, "('loads_citm_catalog', 'json')": 2.7883705999993253, "('loads_citm_catalog', 'orjson')": 1.0487223000000085, "('loads_citm_catalog', 'cysimdjson')": 1.6623951000001398, "('loads_citm_catalog', 'simdjson')": 1.7115505999991, "('loads_citm_catalog', 'yapic.json')": 1.4021166000002268, "('loads_citm_catalog', 'simplejson')": 3.318047699998715, "('loads_citm_catalog', 'ujson')": 1.8857982000008633, "('loads_citm_catalog', 'rapidjson')": 3.702285600000323, "('loads_github', 'json')": 0.0731618999998318, "('loads_github', 'orjson')": 0.040007100000366336, "('loads_github', 'cysimdjson')": 0.07423569999991741, "('loads_github', 'simdjson')": 0.07418899999902351, "('loads_github', 'yapic.json')": 0.05216680000012275, "('loads_github', 'simplejson')": 0.08928949999972247, "('loads_github', 'ujson')": 0.07735630000024685, "('loads_github', 'rapidjson')": 0.1103837000009662, "('loads_twitter', 'json')": 1.2822859000007156, "('loads_twitter', 'orjson')": 0.4120975999994698, "('loads_twitter', 'cysimdjson')": 0.8696026000015991, "('loads_twitter', 'simdjson')": 0.9243299999998271, "('loads_twitter', 'yapic.json')": 0.6853458000005048, "('loads_twitter', 'simplejson')": 1.2514226000002964, "('loads_twitter', 'ujson')": 0.8612032000000909, "('loads_twitter', 'rapidjson')": 1.356130399999529}